first_name,last_name,email,gender,cnic,address,contact,surgery date,recovery date
Moore,Oakey,moakey0@pen.io,Male,129-93-9250,53 Stephen Alley,+1 906 124 7297,2020-05-01,2019-10-03
Sandye,Downton,sdownton1@mysql.com,Female,761-37-3414,7 Dovetail Terrace,+380 745 867 5147,2019-10-27,2020-02-25
Catrina,Dorant,cdorant2@army.mil,Female,530-58-1040,717 Butternut Avenue,+86 644 966 9291,2020-02-02,2019-08-13
Rudolph,Spivey,rspivey3@feedburner.com,Male,505-77-6818,987 Northridge Way,+58 924 462 5005,2020-07-05,2020-03-11
Dietrich,Speenden,dspeenden4@gizmodo.com,Male,531-74-5160,6 Garrison Pass,+260 514 306 2599,2020-05-30,2019-07-27
Benito,Arguile,barguile5@privacy.gov.au,Male,700-33-1248,45012 Lakewood Gardens Center,+62 248 678 9592,2020-06-30,2020-05-02
Erl,Brownhill,ebrownhill6@umn.edu,Male,475-27-4408,0 Fordem Street,+232 150 624 0650,2019-07-13,2019-10-02
Farah,Kirkbright,fkirkbright7@patch.com,Female,336-94-1180,0 Mifflin Court,+48 436 388 0749,2020-06-14,2020-03-22
Caty,Reaveley,creaveley8@nba.com,Female,764-65-6431,14747 Meadow Vale Place,+234 517 276 7771,2019-10-23,2019-09-10
Marjorie,Kirkbright,mkirkbright9@about.me,Female,677-43-7214,4 Boyd Hill,+1 812 430 8351,2020-05-26,2020-06-19
Rikki,Coutts,rcouttsa@discuz.net,Female,584-74-2338,16140 Kings Parkway,+358 656 880 5251,2019-08-03,2019-08-10
Welby,Sibyllina,wsibyllinab@europa.eu,Male,757-69-8683,157 Di Loreto Crossing,+1 314 108 6995,2019-10-25,2020-06-01
Archy,Tait,ataitc@hhs.gov,Male,217-64-2442,5 Dottie Pass,+84 487 350 3966,2020-02-09,2020-04-04
Beltran,Tallyn,btallynd@livejournal.com,Male,359-25-9712,22272 Sundown Park,+374 485 619 0121,2020-05-27,2020-03-24
Amandy,Olyfat,aolyfate@ftc.gov,Female,559-93-0989,057 Surrey Hill,+880 350 764 7986,2019-09-25,2019-08-22
Lyndsay,Jurca,ljurcaf@columbia.edu,Female,368-20-7264,15681 Washington Plaza,+54 272 745 7798,2019-09-06,2020-06-27
Kendre,Forryan,kforryang@xing.com,Female,892-27-6202,42089 Bartillon Trail,+51 264 792 9957,2020-02-15,2019-08-17
Caron,Orrock,corrockh@weather.com,Female,654-83-3742,914 Miller Point,+7 426 743 2504,2019-07-31,2020-04-11
Delia,Acott,dacotti@geocities.jp,Female,306-97-5833,2 Coolidge Terrace,+62 231 651 2709,2019-08-23,2019-12-16
Donetta,Laffling,dlafflingj@myspace.com,Female,785-96-1334,87 Dovetail Center,+63 250 175 7211,2019-11-01,2020-04-06
